{
  "maddpg_predator": {
    "algorithm": "maddpg",
    "agent_type": "predator",
    "num_episodes": 30,
    "avg_reward": 1.9833333333333336,
    "std_reward": 0.037267799624996455,
    "avg_episode_length": 20.833333333333332,
    "std_episode_length": 0.3726779962499649,
    "avg_success_rate": 1.0,
    "std_success_rate": 0.0,
    "max_reward": 2.0000000000000004,
    "min_reward": 1.9000000000000006,
    "episode_rewards": [
      1.9000000000000006,
      1.9000000000000006,
      2.0000000000000004,
      2.0000000000000004,
      2.0000000000000004,
      2.0000000000000004,
      2.0000000000000004,
      2.0000000000000004,
      2.0000000000000004,
      2.0000000000000004,
      2.0000000000000004,
      2.0000000000000004,
      2.0000000000000004,
      2.0000000000000004,
      2.0000000000000004,
      2.0000000000000004,
      1.9000000000000006,
      2.0000000000000004,
      2.0000000000000004,
      1.9000000000000006,
      2.0000000000000004,
      2.0000000000000004,
      2.0000000000000004,
      2.0000000000000004,
      2.0000000000000004,
      2.0000000000000004,
      2.0000000000000004,
      2.0000000000000004,
      2.0000000000000004,
      1.9000000000000006
    ],
    "episode_lengths": [
      20,
      20,
      21,
      21,
      21,
      21,
      21,
      21,
      21,
      21,
      21,
      21,
      21,
      21,
      21,
      21,
      20,
      21,
      21,
      20,
      21,
      21,
      21,
      21,
      21,
      21,
      21,
      21,
      21,
      20
    ],
    "success_rates": [
      1.0,
      1.0,
      1.0,
      1.0,
      1.0,
      1.0,
      1.0,
      1.0,
      1.0,
      1.0,
      1.0,
      1.0,
      1.0,
      1.0,
      1.0,
      1.0,
      1.0,
      1.0,
      1.0,
      1.0,
      1.0,
      1.0,
      1.0,
      1.0,
      1.0,
      1.0,
      1.0,
      1.0,
      1.0,
      1.0
    ]
  },
  "maddpg_prey": {
    "algorithm": "maddpg",
    "agent_type": "prey",
    "num_episodes": 30,
    "avg_reward": 1.5000000000000002,
    "std_reward": 0.0,
    "avg_episode_length": 16.0,
    "std_episode_length": 0.0,
    "avg_success_rate": 1.0,
    "std_success_rate": 0.0,
    "max_reward": 1.5000000000000002,
    "min_reward": 1.5000000000000002,
    "episode_rewards": [
      1.5000000000000002,
      1.5000000000000002,
      1.5000000000000002,
      1.5000000000000002,
      1.5000000000000002,
      1.5000000000000002,
      1.5000000000000002,
      1.5000000000000002,
      1.5000000000000002,
      1.5000000000000002,
      1.5000000000000002,
      1.5000000000000002,
      1.5000000000000002,
      1.5000000000000002,
      1.5000000000000002,
      1.5000000000000002,
      1.5000000000000002,
      1.5000000000000002,
      1.5000000000000002,
      1.5000000000000002,
      1.5000000000000002,
      1.5000000000000002,
      1.5000000000000002,
      1.5000000000000002,
      1.5000000000000002,
      1.5000000000000002,
      1.5000000000000002,
      1.5000000000000002,
      1.5000000000000002,
      1.5000000000000002
    ],
    "episode_lengths": [
      16,
      16,
      16,
      16,
      16,
      16,
      16,
      16,
      16,
      16,
      16,
      16,
      16,
      16,
      16,
      16,
      16,
      16,
      16,
      16,
      16,
      16,
      16,
      16,
      16,
      16,
      16,
      16,
      16,
      16
    ],
    "success_rates": [
      1.0,
      1.0,
      1.0,
      1.0,
      1.0,
      1.0,
      1.0,
      1.0,
      1.0,
      1.0,
      1.0,
      1.0,
      1.0,
      1.0,
      1.0,
      1.0,
      1.0,
      1.0,
      1.0,
      1.0,
      1.0,
      1.0,
      1.0,
      1.0,
      1.0,
      1.0,
      1.0,
      1.0,
      1.0,
      1.0
    ]
  },
  "lotka_volterra_predator": {
    "algorithm": "lotka_volterra",
    "agent_type": "predator",
    "num_episodes": 30,
    "avg_reward": 137.61333333333332,
    "std_reward": 21.71774594401751,
    "avg_episode_length": 20.833333333333332,
    "std_episode_length": 0.3726779962499649,
    "avg_success_rate": 1.0,
    "std_success_rate": 0.0,
    "max_reward": 150.49999999999997,
    "min_reward": 71.29999999999998,
    "episode_rewards": [
      110.89999999999998,
      140.59999999999997,
      140.59999999999997,
      140.59999999999997,
      150.49999999999997,
      150.49999999999997,
      90.99999999999994,
      150.49999999999997,
      100.99999999999994,
      150.49999999999997,
      150.49999999999997,
      150.49999999999997,
      150.39999999999998,
      150.49999999999997,
      150.49999999999997,
      150.39999999999998,
      150.49999999999997,
      140.59999999999997,
      150.49999999999997,
      150.49999999999997,
      150.39999999999998,
      150.49999999999997,
      120.79999999999995,
      150.49999999999997,
      150.49999999999997,
      71.29999999999998,
      150.49999999999997,
      150.49999999999997,
      100.99999999999994,
      110.79999999999998
    ],
    "episode_lengths": [
      21,
      21,
      21,
      21,
      21,
      21,
      20,
      21,
      21,
      21,
      21,
      21,
      20,
      21,
      21,
      20,
      21,
      21,
      21,
      21,
      20,
      21,
      21,
      21,
      21,
      21,
      21,
      21,
      21,
      20
    ],
    "success_rates": [
      1.0,
      1.0,
      1.0,
      1.0,
      1.0,
      1.0,
      1.0,
      1.0,
      1.0,
      1.0,
      1.0,
      1.0,
      1.0,
      1.0,
      1.0,
      1.0,
      1.0,
      1.0,
      1.0,
      1.0,
      1.0,
      1.0,
      1.0,
      1.0,
      1.0,
      1.0,
      1.0,
      1.0,
      1.0,
      1.0
    ]
  },
  "lotka_volterra_prey": {
    "algorithm": "lotka_volterra",
    "agent_type": "prey",
    "num_episodes": 30,
    "avg_reward": 43.61999999999999,
    "std_reward": 14.867781722009955,
    "avg_episode_length": 16.0,
    "std_episode_length": 0.0,
    "avg_success_rate": 0.7777777777777779,
    "std_success_rate": 0.16540261391936353,
    "max_reward": 70.1,
    "min_reward": 2.0999999999999996,
    "episode_rewards": [
      51.6,
      70.1,
      36.6,
      47.6,
      2.0999999999999996,
      44.5,
      58.6,
      24.6,
      51.6,
      26.1,
      33.1,
      23.1,
      58.6,
      26.6,
      41.1,
      48.0,
      53.6,
      52.6,
      33.6,
      45.5,
      34.1,
      36.6,
      54.6,
      34.1,
      44.1,
      62.6,
      57.1,
      58.5,
      31.6,
      66.1
    ],
    "episode_lengths": [
      16,
      16,
      16,
      16,
      16,
      16,
      16,
      16,
      16,
      16,
      16,
      16,
      16,
      16,
      16,
      16,
      16,
      16,
      16,
      16,
      16,
      16,
      16,
      16,
      16,
      16,
      16,
      16,
      16,
      16
    ],
    "success_rates": [
      0.8,
      1.0,
      0.6666666666666666,
      0.8,
      0.2,
      0.8,
      0.9333333333333333,
      0.6666666666666666,
      0.8,
      0.4666666666666667,
      0.6,
      0.6,
      0.9333333333333333,
      0.6666666666666666,
      0.8666666666666667,
      0.8666666666666667,
      0.8,
      0.9333333333333333,
      0.8,
      0.9333333333333333,
      0.7333333333333333,
      0.6666666666666666,
      0.9333333333333333,
      0.7333333333333333,
      0.7333333333333333,
      0.9333333333333333,
      0.8666666666666667,
      0.8,
      0.8,
      1.0
    ]
  },
  "ppo_predator": {
    "algorithm": "ppo",
    "agent_type": "predator",
    "num_episodes": 30,
    "avg_reward": 23.430000000000007,
    "std_reward": 13.79478524660678,
    "avg_episode_length": 20.8,
    "std_episode_length": 0.4000000000000001,
    "avg_success_rate": 1.0,
    "std_success_rate": 0.0,
    "max_reward": 61.40000000000001,
    "min_reward": 1.9000000000000006,